"Product ID";Image;Nom;Référence;Catégorie;"Montant HT";"Montant TTC";Quantité
5874;https://fastcash-geneve.ch/img/p/7/7/4/0/7740-small_default.jpg;"Apple Watch Serie 11 46MM GPS, état neuf.";;Téléphonie;249.900000;249,90 CHF;1
5872;https://fastcash-geneve.ch/img/p/7/7/3/5/7735-small_default.jpg;"Apple iPhone 17 Pro Max 512GB, état neuf, garantie 2 ans. Batterie 1 cycles.";;Téléphonie;1239.900000;1 239,90 CHF;1
5865;https://fastcash-geneve.ch/img/p/7/7/1/6/7716-small_default.jpg;"Apple iPad Pro 11’’ M5 256GB Wifi, état neuf, garantie 2 ans, batterie 100%.";;Informatique;729.900000;729,90 CHF;0
5853;https://fastcash-geneve.ch/img/p/7/6/9/3/7693-small_default.jpg;"Apple iPhone 17 Pro Max 512GB, produit neuf scellé, garantie 2 ans.";;Téléphonie;1279.900000;1 279,90 CHF;1
5844;https://fastcash-geneve.ch/img/p/7/6/5/5/7655-small_default.jpg;"Apple MacBook Air 13’’ M5 512GB 16GB, neuf, scellé, facture et garantie 2 ans.";;Informatique;849.900000;849,90 CHF;0
5843;https://fastcash-geneve.ch/img/p/7/6/5/4/7654-small_default.jpg;"Apple iPhone 17 Pro Max 256GB Bleu, neuf, scellé, garantie 2 ans.";;Téléphonie;1079.900000;1 079,90 CHF;1
5836;https://fastcash-geneve.ch/img/p/7/6/3/0/7630-small_default.jpg;"Apple iPhone 17 Pro 256GB Silver, produit neuf scellé garantie 2 ans.";;Téléphonie;979.900000;979,90 CHF;0
5823;https://fastcash-geneve.ch/img/p/7/5/8/4/7584-small_default.jpg;"Apple MacBook Pro 16’’ TouchBar 2017 Intel I7 2.6 16GB 256GB batterie neuve.";;Informatique;399.900000;399,90 CHF;1
5822;https://fastcash-geneve.ch/img/p/7/5/8/1/7581-small_default.jpg;"Apple MacBook Pro 13’’ 2015 Intel I5 2.7 8GB 256GB";;Informatique;299.900000;299,90 CHF;1
5821;https://fastcash-geneve.ch/img/p/7/5/8/0/7580-small_default.jpg;"Apple iPhone 17 Air 256GB, neuf, scellé, garantie 2 ans.";;Téléphonie;699.900000;699,90 CHF;0
5820;https://fastcash-geneve.ch/img/p/7/5/7/9/7579-small_default.jpg;"Apple iPhone 16 128GB Ultramarine, produit neuf.";;Téléphonie;619.900000;619,90 CHF;1
5790;https://fastcash-geneve.ch/img/p/7/5/0/8/7508-small_default.jpg;"Apple Watch Serie 11 46MM GPS Cellular, batterie 100%. Etat neuf.";;Téléphonie;339.900000;339,90 CHF;1
5785;https://fastcash-geneve.ch/img/p/7/4/9/9/7499-small_default.jpg;"Apple Watch Serie 10 46MM GPS Batterie 100%.";;Téléphonie;199.900000;199,90 CHF;0
5784;https://fastcash-geneve.ch/img/p/fr-default-small_default.jpg;"Apple Watch Ultra 2 Pour William";;Téléphonie;399.900000;399,90 CHF;0
5782;https://fastcash-geneve.ch/img/p/7/4/9/4/7494-small_default.jpg;"Apple iPhone 15 256GB Batterie 87%";;Téléphonie;579.900000;579,90 CHF;1
5778;https://fastcash-geneve.ch/img/p/7/4/8/1/7481-small_default.jpg;"Apple iPhone 17 Pro 256GB Silver, vendu dans l’état, choc et écran fissuré.";;Téléphonie;699.900000;699,90 CHF;0
5777;https://fastcash-geneve.ch/img/p/7/4/8/0/7480-small_default.jpg;"Apple iPhone 17 256GB Noir, batterie 100%, garantie Apple 1 an. État neuf.";;Téléphonie;649.900000;649,90 CHF;1
5775;https://fastcash-geneve.ch/img/p/7/4/7/6/7476-small_default.jpg;"Apple IPad A16 2026 128GB Wifi, état neuf, garantie Apple 04.27 vendu avec une coque de protection.";;Informatique;249.900000;249,90 CHF;0
5773;https://fastcash-geneve.ch/img/p/7/4/6/8/7468-small_default.jpg;"Apple AirPods Max 2, produit neuf scellé.";;Image&Son;399.900000;399,90 CHF;0
5768;https://fastcash-geneve.ch/img/p/7/4/5/1/7451-small_default.jpg;"Apple MacBook Air 15 M2 2023 16GB 256GB";;Informatique;599.900000;599,90 CHF;1
5767;https://fastcash-geneve.ch/img/p/7/4/4/9/7449-small_default.jpg;"Apple AirPods Serie 3 ANC, état neuf.";;Téléphonie;149.900000;149,90 CHF;1
5766;https://fastcash-geneve.ch/img/p/7/4/4/8/7448-small_default.jpg;"Apple AirPods Serie 4 ANC, état neuf, garantie Apple 03.27";;Téléphonie;119.900000;119,90 CHF;1
5763;https://fastcash-geneve.ch/img/p/7/4/4/1/7441-small_default.jpg;"Apple iPhone 16 128GB Batterie 96%";;Téléphonie;549.900000;549,90 CHF;0
5762;https://fastcash-geneve.ch/img/p/7/4/4/0/7440-small_default.jpg;"Apple iPhone 17 Pro Max 256GB Orange, batterie 100%, garantie Apple 2 ans, produit neuf.";;Téléphonie;1029.900000;1 029,90 CHF;0
5759;https://fastcash-geneve.ch/img/p/7/4/3/3/7433-small_default.jpg;"Apple AirPods 4. Produit neuf scellé avec facture.";;Image&Son;99.900000;99,90 CHF;1
5755;https://fastcash-geneve.ch/img/p/7/4/2/9/7429-small_default.jpg;"Apple iPhone 17 Air 256GB Noir, produit neuf scellé garantie 2 ans.";;Téléphonie;699.900000;699,90 CHF;0
5752;https://fastcash-geneve.ch/img/p/7/4/1/6/7416-small_default.jpg;"Apple iPhone 17 Pro 256GB Orange, batterie 100% état neuf garantie Apple 04.27";;Téléphonie;959.900000;959,90 CHF;0
5721;https://fastcash-geneve.ch/img/p/7/3/1/1/7311-small_default.jpg;"Apple iPhone 17 256GB Noir Batterie 100% Garantie Apple.";;Téléphonie;649.900000;649,90 CHF;-1
5693;https://fastcash-geneve.ch/img/p/7/2/5/2/7252-small_default.jpg;"Apple IPhone 15 Pro Max 256GB Batterie 89%";;Téléphonie;699.900000;699,90 CHF;1
5691;https://fastcash-geneve.ch/img/p/7/2/4/7/7247-small_default.jpg;"Apple AirPods Pro 2, état neuf, garantie Apple 02.26";;Image&Son;149.900000;149,90 CHF;1
5690;https://fastcash-geneve.ch/img/p/7/2/4/6/7246-small_default.jpg;"Apple AirPods Max USB-C état neuf.";;Image&Son;329.900000;329,90 CHF;1
5680;https://fastcash-geneve.ch/img/p/7/2/2/3/7223-small_default.jpg;"Apple iPhone 17 Air 256GB Noir, neuf scellé garantie 2 ans.";;Téléphonie;699.900000;699,90 CHF;0
5679;https://fastcash-geneve.ch/img/p/7/2/2/1/7221-small_default.jpg;"Apple iPhone 16 Pro Max 256GB Batterie 98%";;Téléphonie;799.900000;799,90 CHF;1
5678;https://fastcash-geneve.ch/img/p/7/2/2/0/7220-small_default.jpg;"Apple iPhone 15 Pro Max 256GB Batterie 97%";;Téléphonie;699.900000;699,90 CHF;1
5677;https://fastcash-geneve.ch/img/p/7/2/1/8/7218-small_default.jpg;"Apple iPhone 17 Pro 256GB Orange, produit neuf scellé garantie 2 ans.";;Téléphonie;999.900000;999,90 CHF;1
5676;https://fastcash-geneve.ch/img/p/7/2/1/7/7217-small_default.jpg;"Apple iPhone 17 256GB Noir, produit neuf scellé garantie 2 ans.";;Téléphonie;699.900000;699,90 CHF;0
5665;https://fastcash-geneve.ch/img/p/7/1/8/6/7186-small_default.jpg;"Apple iPhone 17 Pro 256GB Silver. Produit neuf garantie 2 ans.";;Téléphonie;969.900000;969,90 CHF;0
5657;https://fastcash-geneve.ch/img/p/7/1/6/5/7165-small_default.jpg;"Apple iPhone 17 Pro Max 256GB Silver, batterie 100%, garantie Apple Octobre 2026.";;Téléphonie;1039.900000;1 039,90 CHF;0
5654;https://fastcash-geneve.ch/img/p/7/1/6/2/7162-small_default.jpg;"Apple iPhone 17 Pro Max 256GB Orange. Produit neuf scellé.";;Téléphonie;1099.900000;1 099,90 CHF;0
5644;https://fastcash-geneve.ch/img/p/7/1/3/4/7134-small_default.jpg;"Apple iPhone 13 Pro Max 256GB Batterie 100%";;Téléphonie;399.900000;399,90 CHF;1
5634;https://fastcash-geneve.ch/img/p/7/1/0/8/7108-small_default.jpg;"Apple AirPods Max Lightning. Etat neuf.";;Image&Son;239.000000;239,00 CHF;1
5633;https://fastcash-geneve.ch/img/p/7/1/0/7/7107-small_default.jpg;"Apple iPad 10TH 64GB Wifi avec Smart Folio.";;Informatique;249.900000;249,90 CHF;1
5613;https://fastcash-geneve.ch/img/p/7/0/6/5/7065-small_default.jpg;"Apple iPad Air 11’’ M3 128GB Wifi. Etat neuf garantie Apple 1 an.";;Informatique;379.900000;379,90 CHF;0
5606;https://fastcash-geneve.ch/img/p/7/0/4/9/7049-small_default.jpg;"Apple MacBook Air 2015 I5 4G 128GB, OS X Monterey.";;Informatique;239.900000;239,90 CHF;0
5601;https://fastcash-geneve.ch/img/p/7/0/3/7/7037-small_default.jpg;"Apple iPhone 17 Pro Max 256GB Orange, batterie 100%, état neuf, garantie Apple 1 an.";;Téléphonie;1049.900000;1 049,90 CHF;0
5591;https://fastcash-geneve.ch/img/p/7/0/0/3/7003-small_default.jpg;"Apple iPhone 17 256GB White, produit neuf scellé.";;Téléphonie;699.900000;699,90 CHF;0
5588;https://fastcash-geneve.ch/img/p/6/9/9/3/6993-small_default.jpg;"Apple iPhone 17 Pro Max 512GB Bleu, batterie 100% garantie Apple 11.26";;Téléphonie;1199.900000;1 199,90 CHF;0
5582;https://fastcash-geneve.ch/img/p/6/9/8/6/6986-small_default.jpg;"Apple iPhone 13 512GB Batterie 100%.";;Téléphonie;499.900000;499,90 CHF;1
5580;https://fastcash-geneve.ch/img/p/6/9/8/0/6980-small_default.jpg;"Apple iPhone 12 128GB Batterie 100%";;Téléphonie;249.900000;249,90 CHF;0
5579;https://fastcash-geneve.ch/img/p/6/9/7/8/6978-small_default.jpg;"Apple iPhone 12 Pro Max 256GB Batterie 100%";;Téléphonie;449.900000;449,90 CHF;1
5553;https://fastcash-geneve.ch/img/p/6/8/8/4/6884-small_default.jpg;"Apple MacBook Air M1 512GB 8GB Batterie 4 cycles.";;Informatique;499.900000;499,90 CHF;0
5552;https://fastcash-geneve.ch/img/p/6/8/8/3/6883-small_default.jpg;"Apple iPad 8TH 32GB";;Informatique;159.900000;159,90 CHF;0
5540;https://fastcash-geneve.ch/img/p/6/8/4/6/6846-small_default.jpg;"Casque Apple AirPods Max Lightning.";;Image&Son;239.900000;239,90 CHF;0
5536;https://fastcash-geneve.ch/img/p/6/8/3/5/6835-small_default.jpg;"Apple Magic Keyboard pour iPad 11’’. État neuf.";;Informatique;199.000000;199,00 CHF;1
5516;https://fastcash-geneve.ch/img/p/6/8/1/3/6813-small_default.jpg;"Apple iPhone 17 Pro Max 256GB Orange, batterie 30%. Garantie 2 ans.";;Téléphonie;1099.900000;1 099,90 CHF;0
5509;https://fastcash-geneve.ch/img/p/6/8/0/1/6801-small_default.jpg;"Apple AirPods Pro Max USB-C. Produit neuf.";;Image&Son;349.900000;349,90 CHF;0
5505;https://fastcash-geneve.ch/img/p/6/7/9/4/6794-small_default.jpg;"Apple iPhone 12 Pro 128GB Batterie 85%";;Téléphonie;349.900000;349,90 CHF;1
5504;https://fastcash-geneve.ch/img/p/6/7/9/3/6793-small_default.jpg;"Apple iPhone 14 Pro 256GB batterie 87%.";;Téléphonie;599.900000;599,90 CHF;1
5503;https://fastcash-geneve.ch/img/p/6/7/9/0/6790-small_default.jpg;"Apple iPhone 13 128GB Batterie 86%";;Téléphonie;329.900000;329,90 CHF;1
5502;https://fastcash-geneve.ch/img/p/6/7/8/8/6788-small_default.jpg;"Apple iPhone 14 Plus 256GB Batterie 87%.";;Téléphonie;549.900000;549,90 CHF;1
5494;https://fastcash-geneve.ch/img/p/6/7/7/1/6771-small_default.jpg;"Apple Watch Serie 7 45MM GPS LTE Céramique.";;Téléphonie;299.900000;299,90 CHF;1
5493;https://fastcash-geneve.ch/img/p/6/7/7/0/6770-small_default.jpg;"Apple iPhone 17 Pro Max 256GB Silver, produit neuf scellé garantie 2 ans.";;Téléphonie;1139.900000;1 139,90 CHF;0
5491;https://fastcash-geneve.ch/img/p/6/7/6/7/6767-small_default.jpg;"Apple iPhone 12 Pro Max 256GB Batterie 100%.";;Téléphonie;449.900000;449,90 CHF;1
5490;https://fastcash-geneve.ch/img/p/6/7/6/5/6765-small_default.jpg;"Apple iPhone 14 Pro Max 128GB Batterie 100%.";;Téléphonie;579.900000;579,90 CHF;1
5486;https://fastcash-geneve.ch/img/p/6/7/5/0/6750-small_default.jpg;"Apple iPad Pro 13 M4 256GB État neuf, batterie 1 cycles.";;Informatique;799.900000;799,90 CHF;0
5485;https://fastcash-geneve.ch/img/p/6/7/4/7/6747-small_default.jpg;"Apple iPhone AirPods Max USB-C. État neuf.";;Image&Son;329.900000;329,90 CHF;0
5484;https://fastcash-geneve.ch/img/p/6/7/4/5/6745-small_default.jpg;"Apple iPhone 15 Pro Max 256GB Noir, batterie 100%.";;Téléphonie;699.900000;699,90 CHF;1
5483;https://fastcash-geneve.ch/img/p/6/7/4/4/6744-small_default.jpg;"Apple iPhone 16 Pro Max 256GB Batterie 87%";;Téléphonie;839.900000;839,90 CHF;1
5472;https://fastcash-geneve.ch/img/p/6/7/0/8/6708-small_default.jpg;"Apple iPhone 15 128GB Noir, batterie 100%.";;Téléphonie;499.900000;499,90 CHF;0
5470;https://fastcash-geneve.ch/img/p/6/7/0/1/6701-small_default.jpg;"Apple MacBook Air 13 2017 I5 8GB 256GB";;Informatique;239.900000;239,90 CHF;0
5461;https://fastcash-geneve.ch/img/p/6/6/7/3/6673-small_default.jpg;"Apple MacBook Air M4 2025 16GB 256GB Batterie 6 cycles, garantie Apple 14 mois.";;Informatique;729.900000;729,90 CHF;0
5450;https://fastcash-geneve.ch/img/p/6/6/4/7/6647-small_default.jpg;"Apple iPhone 16 Pro Max 256GB Batterie 99%.";;Téléphonie;839.900000;839,90 CHF;1
5449;https://fastcash-geneve.ch/img/p/6/6/4/6/6646-small_default.jpg;"Apple iPhone 17 Air 256GB Noir, neuf, scellé, facture et garantie 2 ans.";;Téléphonie;779.900000;779,90 CHF;0
5448;https://fastcash-geneve.ch/img/p/6/6/4/3/6643-small_default.jpg;"Apple Watch Ultra 3 47MM GPS LTE. Produit neuf scellé facture et garantie 2 ans.";;Téléphonie;679.900000;679,90 CHF;0
5444;https://fastcash-geneve.ch/img/p/6/6/2/7/6627-small_default.jpg;"Apple iPad Pro 13 M4 256GB Wifi Cellular. Batterie 93%.";;Informatique;839.900000;839,90 CHF;0
5442;https://fastcash-geneve.ch/img/p/6/6/1/5/6615-small_default.jpg;"Apple iPhone 17 Pro 256GB Orange, neuf, scellé, garantie 2 ans.";;Téléphonie;1029.900000;1 029,90 CHF;0
5441;https://fastcash-geneve.ch/img/p/6/6/1/4/6614-small_default.jpg;"Apple MacBook Pro 14 M4 Pro 512GB 24GB Ram, Neuf, scellé, garantie 2 ans.";;Informatique;1399.900000;1 399,90 CHF;0
5435;https://fastcash-geneve.ch/img/p/6/5/8/7/6587-small_default.jpg;"Apple iPhone 15 128GB Batterie 85%.";;Téléphonie;499.900000;499,90 CHF;1
5425;https://fastcash-geneve.ch/img/p/6/5/6/0/6560-small_default.jpg;"Apple Watch Serie 11 46MM GPS";;Téléphonie;299.900000;299,90 CHF;1
5424;https://fastcash-geneve.ch/img/p/6/5/5/9/6559-small_default.jpg;"Apple IPhone 13 Pro Max 128GB Gold Batterie 100%";;Téléphonie;499.900000;499,90 CHF;1
5423;https://fastcash-geneve.ch/img/p/6/5/5/6/6556-small_default.jpg;"Apple iPhone 15 Pro Max 512GB Batterie 100%";;Téléphonie;799.900000;799,90 CHF;1
5416;https://fastcash-geneve.ch/img/p/6/5/3/9/6539-small_default.jpg;"Apple Watch Serie 11 42MM Rose. GPS LTE. Produit neuf.";;Téléphonie;389.900000;389,90 CHF;0
5415;https://fastcash-geneve.ch/img/p/6/5/3/7/6537-small_default.jpg;"Apple iPhone 13 Pro 128GB Batterie 100%";;Téléphonie;449.900000;449,90 CHF;1
5413;https://fastcash-geneve.ch/img/p/6/5/3/6/6536-small_default.jpg;"Apple iPhone 13 Pro 128GB Batterie 100%";;Téléphonie;449.900000;449,90 CHF;1
5411;https://fastcash-geneve.ch/img/p/6/5/3/4/6534-small_default.jpg;"Apple iPhone 12 Mini 128GB Batterie 100%";;Téléphonie;299.900000;299,90 CHF;1
5410;https://fastcash-geneve.ch/img/p/6/5/3/3/6533-small_default.jpg;"Apple iPhone 11 128GB Batterie 100%";;Téléphonie;199.900000;199,90 CHF;1
5400;https://fastcash-geneve.ch/img/p/6/5/1/4/6514-small_default.jpg;"Apple MacBook Air M3 256GB 8GB Batterie 27 cycles. 2024.";;Informatique;649.900000;649,90 CHF;0
5398;https://fastcash-geneve.ch/img/p/6/5/0/7/6507-small_default.jpg;"Apple AirPods Pro 3. État neuf. Garantie Apple 2 ans.";;Téléphonie;199.900000;199,90 CHF;1
5368;https://fastcash-geneve.ch/img/p/6/4/3/7/6437-small_default.jpg;"Apple iPhone 17 Pro Max 256GB Orange, produit neuf, garantie 2 ans.";;Téléphonie;1139.900000;1 139,90 CHF;0
5367;https://fastcash-geneve.ch/img/p/6/4/3/6/6436-small_default.jpg;"Apple iPhone 17 Air 256GB Noir, état neuf, garantie Apple 2 ans.";;Téléphonie;799.900000;799,90 CHF;0
5365;https://fastcash-geneve.ch/img/p/6/4/3/2/6432-small_default.jpg;"Apple iPhone 15 Pro Max 256GB Batterie 89%";;Téléphonie;699.900000;699,90 CHF;1
5354;https://fastcash-geneve.ch/img/p/6/3/5/8/6358-small_default.jpg;"Apple iPad Pro 13 M4 256GB Wifi Batterie 100% 0 cycles. Etat neuf.";;Informatique;799.900000;799,90 CHF;0
5353;https://fastcash-geneve.ch/img/p/6/3/5/7/6357-small_default.jpg;"Apple iPhone 17 Pro 256GB Orange, produit neuf, garantie 2 ans.";;Téléphonie;1039.900000;1 039,90 CHF;0
5351;https://fastcash-geneve.ch/img/p/6/3/5/0/6350-small_default.jpg;"Apple iPad 13 Pro M4 256GB Wifi, état neuf.";;Informatique;799.900000;799,90 CHF;0
5339;https://fastcash-geneve.ch/img/p/6/3/2/6/6326-small_default.jpg;"Apple iPhone 13 Pro Max 128GB Bleu Batterie 100%.";;Téléphonie;399.900000;399,90 CHF;1
5337;https://fastcash-geneve.ch/img/p/6/3/2/2/6322-small_default.jpg;"Apple iPhone 13 Pro 128GB Blanc Batterie 85%.";;Téléphonie;399.900000;399,90 CHF;1
5336;https://fastcash-geneve.ch/img/p/6/3/2/0/6320-small_default.jpg;"Apple iPhone 14 Pro Max 256GB Gold Batterie 100%";;Téléphonie;679.900000;679,90 CHF;1
5335;https://fastcash-geneve.ch/img/p/6/3/1/8/6318-small_default.jpg;"Apple iPhone 16 Pro Max 256GB Batterie 100% Garantie Apple 11.09.25";;Téléphonie;839.900000;839,90 CHF;0
5332;https://fastcash-geneve.ch/img/p/6/3/1/4/6314-small_default.jpg;"Apple IPhone 17 Pro 256GB Bleu Neuf Garantie 2 ans.";;Téléphonie;1039.900000;1 039,90 CHF;0
5327;https://fastcash-geneve.ch/img/p/6/3/1/0/6310-small_default.jpg;"Apple AirTag Pack X4. Produit neuf.";;Informatique;69.900000;69,90 CHF;1
5325;https://fastcash-geneve.ch/img/p/6/3/0/7/6307-small_default.jpg;"Apple iPhone 16 Pro 128GB Garantie Apple 28.02.2026";;Téléphonie;769.900000;769,90 CHF;1
5324;https://fastcash-geneve.ch/img/p/6/3/0/5/6305-small_default.jpg;"Apple iPhone 13 Pro Max 256GB. Batterie 100%.";;Téléphonie;499.900000;499,90 CHF;1
5323;https://fastcash-geneve.ch/img/p/6/3/0/2/6302-small_default.jpg;"Apple MacBook Air M1 2020 8GB 256GB Batterie 86 cycles. Choc sur le côté gauche.";;Informatique;399.900000;399,90 CHF;0
5315;https://fastcash-geneve.ch/img/p/6/2/6/7/6267-small_default.jpg;"Apple iPhone 15 Pro Max 256GB Batterie 89%";;Téléphonie;699.900000;699,90 CHF;1
5314;https://fastcash-geneve.ch/img/p/6/2/6/5/6265-small_default.jpg;"Apple iPhone 17 Pro 512GB Silver. Produit neuf. Garantie 2 ans.";;Téléphonie;1200.000000;1 200,00 CHF;0
5313;https://fastcash-geneve.ch/img/p/6/2/6/4/6264-small_default.jpg;"Apple iPhone 17 Pro 256GB Bleu. Produit neuf. Garantie 2 ans.";;Téléphonie;1049.900000;1 049,90 CHF;0
5312;https://fastcash-geneve.ch/img/p/6/2/6/3/6263-small_default.jpg;"Apple iPhone 17 Pro 256GB Silver. Produit neuf. Garantie 2 ans.";;Téléphonie;1039.900000;1 039,90 CHF;0
5309;https://fastcash-geneve.ch/img/p/6/2/5/3/6253-small_default.jpg;"Apple Aiprods Pro Max USB-C, garantie Apple 1 an.";;Image&Son;299.900000;299,90 CHF;1
5306;https://fastcash-geneve.ch/img/p/6/2/4/8/6248-small_default.jpg;"Apple iPhone 12 Pro 256GB batterie 100%.";;Téléphonie;399.900000;399,90 CHF;1
5305;https://fastcash-geneve.ch/img/p/6/2/4/7/6247-small_default.jpg;"Apple iPhone 12 Pro Max 128GB Batterie 100%. Fissure à l’arrière.";;Téléphonie;339.900000;339,90 CHF;1
5299;https://fastcash-geneve.ch/img/p/6/2/3/3/6233-small_default.jpg;"Apple iPhone 16 Pro 128GB Batterie 93%";;Téléphonie;769.900000;769,90 CHF;1
5298;https://fastcash-geneve.ch/img/p/6/2/3/2/6232-small_default.jpg;"Apple iPhone 16E 128GB Noir, produit neuf.";;Téléphonie;499.900000;499,90 CHF;0
5291;https://fastcash-geneve.ch/img/p/6/2/2/5/6225-small_default.jpg;"Apple iPad A16 2025 128GB Wifi Cellular, produit neuf.";;Informatique;439.900000;439,90 CHF;0
5290;https://fastcash-geneve.ch/img/p/6/2/2/4/6224-small_default.jpg;"Apple iPhone 17 Pro 256GB Bleu, produit neuf garantie 2 ans.";;Téléphonie;1079.900000;1 079,90 CHF;0
5288;https://fastcash-geneve.ch/img/p/6/2/1/6/6216-small_default.jpg;"Apple iPhone 16 Plus 128GB Batterie 100% état neuf.";;Téléphonie;639.900000;639,90 CHF;0
5281;https://fastcash-geneve.ch/img/p/6/1/9/4/6194-small_default.jpg;"Apple iPhone 15 Pro Max 256GB Batterie 88%";;Téléphonie;699.900000;699,90 CHF;1
5280;https://fastcash-geneve.ch/img/p/6/1/9/3/6193-small_default.jpg;"Apple iPhone 16 Pro 128GB Batterie 92% Garantie Apple 1 an.";;Téléphonie;759.900000;759,90 CHF;1
5279;https://fastcash-geneve.ch/img/p/6/1/9/0/6190-small_default.jpg;"Apple iPhone 14 Pro Max 256GB Batterie 100%";;Téléphonie;679.900000;679,90 CHF;1
5262;https://fastcash-geneve.ch/img/p/6/1/4/5/6145-small_default.jpg;"Apple iPad 10TH Wifi 64GB.";;Informatique;249.900000;249,90 CHF;0
5260;https://fastcash-geneve.ch/img/p/6/1/4/3/6143-small_default.jpg;"Apple IPhone 14 Pro Max 128GB Batterie 98%";;Téléphonie;579.900000;579,90 CHF;1
5254;https://fastcash-geneve.ch/img/p/6/1/2/8/6128-small_default.jpg;"Apple IPhone 15 256GB Noir, batterie 88%.";;Téléphonie;579.900000;579,90 CHF;1
5253;https://fastcash-geneve.ch/img/p/6/1/2/7/6127-small_default.jpg;"Apple IPhone 16E 256GB Noir, produit neuf garantie 2 ans.";;Téléphonie;599.900000;599,90 CHF;-1
5252;https://fastcash-geneve.ch/img/p/6/1/2/5/6125-small_default.jpg;"Apple MacBook Air M4 13’’ 16GB 256GB, produit neuf, garantie 2 ans.";;Informatique;799.900000;799,90 CHF;0
5251;https://fastcash-geneve.ch/img/p/6/1/2/3/6123-small_default.jpg;"Apple IPhone 12 64GB Batterie 89%";;Téléphonie;249.900000;249,90 CHF;1
5249;https://fastcash-geneve.ch/img/p/6/1/1/9/6119-small_default.jpg;"Apple IPhone 15 Pro Max 256GB Batterie 92%";;Téléphonie;699.900000;699,90 CHF;1
5247;https://fastcash-geneve.ch/img/p/6/1/1/3/6113-small_default.jpg;"Apple IPad Air 5 64GB Wifi";;Informatique;399.900000;399,90 CHF;0
5246;https://fastcash-geneve.ch/img/p/6/1/0/8/6108-small_default.jpg;"Apple MacBook Air 2025 M4 16GB 256GB Batterie 1 cycle. Etat neuf, garantie Apple 1 an.";;Informatique;929.900000;929,90 CHF;0
5233;https://fastcash-geneve.ch/img/p/6/0/4/5/6045-small_default.jpg;"Apple IPhone Air 512GB Bleu, produit neuf garantie 2 ans.";;Téléphonie;1279.900000;1 279,90 CHF;-1
5231;https://fastcash-geneve.ch/img/p/6/0/4/1/6041-small_default.jpg;"Apple IPhone 17 Pro 256GB Bleu, produit neuf, garantie 2 ans.";;Téléphonie;12999.000000;12 999,00 CHF;0
5203;https://fastcash-geneve.ch/img/p/5/9/1/8/5918-small_default.jpg;"Apple IPhone 15 Pro 256GB batterie 87%";;Téléphonie;699.900000;699,90 CHF;1
5190;https://fastcash-geneve.ch/img/p/5/8/9/2/5892-small_default.jpg;"Apple IPad Mini 7 A7 Pro 128GB Wifi, produit neuf, garantie 2 ans.";;Informatique;399.900000;399,90 CHF;0
5189;https://fastcash-geneve.ch/img/p/5/8/8/9/5889-small_default.jpg;"Apple IPad Air 13’’ M3 128GB Wifi Cellular, état neuf, garantie Apple 08.26";;Informatique;699.900000;699,90 CHF;1
5187;https://fastcash-geneve.ch/img/p/5/8/8/1/5881-small_default.jpg;"Apple IPad Mini 6 64GB Wifi Cellular. Etat neuf.";;Informatique;449.900000;449,90 CHF;0
5185;https://fastcash-geneve.ch/img/p/5/8/7/7/5877-small_default.jpg;"Apple IPhone 13 Pro Max 128GB Batterie 81%";;Téléphonie;499.900000;499,90 CHF;1
5168;https://fastcash-geneve.ch/img/p/5/8/3/2/5832-small_default.jpg;"Apple IPhone 12 256GB Batterie 100%";;Téléphonie;329.900000;329,90 CHF;1
5167;https://fastcash-geneve.ch/img/p/5/8/3/0/5830-small_default.jpg;"Apple IPhone 12 64GB Batterie 100%";;Téléphonie;249.900000;249,90 CHF;1
5158;https://fastcash-geneve.ch/img/p/5/7/9/3/5793-small_default.jpg;"Apple IPad Pro 11’’ 2TH 128GB Wifi";;Tablettes;369.900000;369,90 CHF;1
5156;https://fastcash-geneve.ch/img/p/5/7/8/5/5785-small_default.jpg;"Apple IPhone 17 256GB Noir, neuf, garantie 2 ans.";;Téléphonie;899.900000;899,90 CHF;0
5154;https://fastcash-geneve.ch/img/p/5/7/8/1/5781-small_default.jpg;"Apple MacBook Pro 13’’ TouchBar Intel I5 1.4GHZ 8GB 128GB Batterie 129 cycles.";;Informatique;429.900000;429,90 CHF;0
5132;https://fastcash-geneve.ch/img/p/5/7/2/7/5727-small_default.jpg;"Apple IPhone 14 Pro 512GB Batterie 89%";;Téléphonie;699.900000;699,90 CHF;1
5131;https://fastcash-geneve.ch/img/p/5/7/2/6/5726-small_default.jpg;"Bracelet Bleu pour Apple Watch Ultra. Produit neuf.";;Téléphonie;69.900000;69,90 CHF;1
5130;https://fastcash-geneve.ch/img/p/5/7/2/5/5725-small_default.jpg;"Bracelet Noir pour Apple Watch Ultra, produit neuf.";;Téléphonie;69.900000;69,90 CHF;1
5129;https://fastcash-geneve.ch/img/p/5/7/2/4/5724-small_default.jpg;"Bracelet Milanais pour Apple Watch, produit neuf.";;Accessoires;69.900000;69,90 CHF;1
5128;https://fastcash-geneve.ch/img/p/5/7/2/2/5722-small_default.jpg;"Apple IPhone 13 128GB Batterie 100%";;Téléphonie;329.900000;329,90 CHF;1
5122;https://fastcash-geneve.ch/img/p/5/7/0/2/5702-small_default.jpg;"Apple AirPods Max USB-C, état neuf.";;Image&Son;329.900000;329,90 CHF;1
5121;https://fastcash-geneve.ch/img/p/5/7/0/0/5700-small_default.jpg;"Apple IPhone 16E 128GB Batterie 100% Etat neuf, garantie Apple 09.26";;Téléphonie;499.900000;499,90 CHF;0
5120;https://fastcash-geneve.ch/img/p/5/6/9/8/5698-small_default.jpg;"Apple IPad Pro 12.9’’ 4TH 128GB Wifi, avec Apple Keyboard et Apple Pencil.";;Informatique;699.900000;699,90 CHF;1
5117;https://fastcash-geneve.ch/img/p/5/6/8/6/5686-small_default.jpg;"Apple IPhone 14 128GB Batterie 88%";;Téléphonie;379.900000;379,90 CHF;1
5116;https://fastcash-geneve.ch/img/p/5/6/8/4/5684-small_default.jpg;"Apple IPhone XR 64GB Batterie 86%";;Téléphonie;149.900000;149,90 CHF;1
5103;https://fastcash-geneve.ch/img/p/5/6/4/6/5646-small_default.jpg;"Apple MacBook Air 13 M2 2022 8GB 256GB Batterie 150 cycles.";;Informatique;599.900000;599,90 CHF;0
5093;https://fastcash-geneve.ch/img/p/5/6/1/4/5614-small_default.jpg;"Apple IPhone 14 128GB Batterie 100%";;Téléphonie;379.900000;379,90 CHF;1
5076;https://fastcash-geneve.ch/img/p/5/5/7/9/5579-small_default.jpg;"Apple MacBook Pro 14 M4 Pro 512GB 24GB 12/16 produit neuf garantie 2 ans.";;Informatique;1499.900000;1 499,90 CHF;0
5055;https://fastcash-geneve.ch/img/p/5/5/0/9/5509-small_default.jpg;"Apple IPhone 16E 256GB Noir, Etat neuf, Garantie 2 ans.";;Téléphonie;579.900000;579,90 CHF;0
5054;https://fastcash-geneve.ch/img/p/5/5/0/7/5507-small_default.jpg;"Apple IPad Pro 13 M4 256GB Wifi 5G batterie 12 cycles, états neuf, garantie Apple.";;Informatique;1099.900000;1 099,90 CHF;0
5043;https://fastcash-geneve.ch/img/p/5/4/8/3/5483-small_default.jpg;"Apple IPhone 16 128GB Noir, neuf, scellé, garantie 2 ans.";;Téléphonie;599.900000;599,90 CHF;0
5030;https://fastcash-geneve.ch/img/p/5/4/3/7/5437-small_default.jpg;"Apple IPad 8TH 32GB Wifi Gris Sidéral.";;Informatique;199.900000;199,90 CHF;0
5023;https://fastcash-geneve.ch/img/p/5/4/1/5/5415-small_default.jpg;"Apple AirTag X4. Produit neuf.";;Informatique;69.900000;69,90 CHF;0
5022;https://fastcash-geneve.ch/img/p/5/4/1/4/5414-small_default.jpg;"Apple Pencil Pro. Produit neuf.";;Informatique;99.900000;99,90 CHF;0
5014;https://fastcash-geneve.ch/img/p/5/4/0/3/5403-small_default.jpg;"Apple AirPods Serie 4. Produit neuf.";;Image&Son;99.900000;99,90 CHF;0
5011;https://fastcash-geneve.ch/img/p/5/3/9/9/5399-small_default.jpg;"Apple MacBook Air 13 M3 2024 256GB 8GB Garantie Apple 6 Mois. Batterie 4 cycles.";;Informatique;659.900000;659,90 CHF;0
5006;https://fastcash-geneve.ch/img/p/5/3/7/8/5378-small_default.jpg;"Apple TV 4K Wifi Ethernet 128GB, produit neuf.";;Image&Son;139.900000;139,90 CHF;0
4986;https://fastcash-geneve.ch/img/p/5/3/2/4/5324-small_default.jpg;"Apple IPhone 16 128GB Produit neuf scellé garantie 2 ans.";;Téléphonie;599.900000;599,90 CHF;0
4983;https://fastcash-geneve.ch/img/p/5/3/2/2/5322-small_default.jpg;"Apple IPad Pro 12.9 4 Gen, Wifi, 256GB";;Informatique;499.900000;499,90 CHF;1
4971;https://fastcash-geneve.ch/img/p/5/2/9/5/5295-small_default.jpg;"Apple MacBook Pro 2015 Intel I5 2.9GHZ 8GB 500GB";;Informatique;349.900000;349,90 CHF;0
4970;https://fastcash-geneve.ch/img/p/5/2/9/2/5292-small_default.jpg;"Apple MacBook Air M3 2024, 16GB 256GB, Garantie 01.2027";;Informatique;599.900000;599,90 CHF;-1
4964;https://fastcash-geneve.ch/img/p/5/2/8/0/5280-small_default.jpg;"Apple Magic Keyboard Folio IPad 11’’ état neuf.";;Informatique;179.900000;179,90 CHF;0
4963;https://fastcash-geneve.ch/img/p/5/2/7/7/5277-small_default.jpg;"Apple IPad 11 A16 2025 128GB Wifi, Etat neuf, Garantie Apple 03.26";;Informatique;229.900000;229,90 CHF;0
4962;https://fastcash-geneve.ch/img/p/5/2/7/2/5272-small_default.jpg;"Apple IPad Air 13 M3 2025 128GB Wifi Cellular. Garantie Apple 03.26";;Informatique;699.900000;699,90 CHF;1
4918;https://fastcash-geneve.ch/img/p/5/1/5/6/5156-small_default.jpg;"Apple IPad Pro 12.9 5Gen 512GB Wifi, problème d’écran sur le coté gauche.";;Informatique;499.900000;499,90 CHF;1
4907;https://fastcash-geneve.ch/img/p/5/1/1/8/5118-small_default.jpg;"Apple MacBook Pro 14 2021 M1 Pro 16GB 1TB Batterie 240 cycles.";;Informatique;999.900000;999,90 CHF;0
4901;https://fastcash-geneve.ch/img/p/5/1/0/0/5100-small_default.jpg;"Apple IPhone XR 128GB Batterie 100%";;Accueil;199.900000;199,90 CHF;1
4881;https://fastcash-geneve.ch/img/p/5/0/4/9/5049-small_default.jpg;"Apple TV 3Gen 4K Wifi 64GB, produit neuf.";;Vidéo;119.900000;119,90 CHF;0
4869;https://fastcash-geneve.ch/img/p/5/0/0/9/5009-small_default.jpg;"Apple AirPods Max Noir USB-C, état neuf, garantie Apple 12.25";;Image&Son;339.900000;339,90 CHF;0
4856;https://fastcash-geneve.ch/img/p/4/9/7/1/4971-small_default.jpg;"Apple MacBook Air 2022 M2 8GB 256GB, Batterie 12 cycles.";;Informatique;599.900000;599,90 CHF;0
4848;https://fastcash-geneve.ch/img/p/4/9/5/4/4954-small_default.jpg;"Apple IPhone 13 128GB Batterie 88%";;Téléphonie;329.900000;329,90 CHF;1
4836;https://fastcash-geneve.ch/img/p/4/9/3/0/4930-small_default.jpg;"Apple IPhone 11 64GB batterie 100%";;Téléphonie;149.900000;149,90 CHF;1
4824;https://fastcash-geneve.ch/img/p/4/8/9/9/4899-small_default.jpg;"Apple IPhone XR 64GB Batterie 88%";;Téléphonie;199.900000;199,90 CHF;0
4823;https://fastcash-geneve.ch/img/p/4/8/9/7/4897-small_default.jpg;"Apple IPad 9TH 64GB Wifi";;Informatique;199.900000;199,90 CHF;0
4815;https://fastcash-geneve.ch/img/p/4/8/7/3/4873-small_default.jpg;"Apple HomePod 2gen. Produit neuf scellé.";;Image&Son;229.900000;229,90 CHF;0
4798;https://fastcash-geneve.ch/img/p/4/8/2/7/4827-small_default.jpg;"Apple IPhone 16 128GB Batterie 100%, Garantie Apple 1 an.";;Téléphonie;619.900000;619,90 CHF;0
4794;https://fastcash-geneve.ch/img/p/4/8/1/5/4815-small_default.jpg;"Apple AirPods Pro 2 USB-C, produit neuf. Garantie 2 ans.";;Téléphonie;169.900000;169,90 CHF;2
4714;https://fastcash-geneve.ch/img/p/4/7/1/3/4713-small_default.jpg;"Powerbank Pour Apple Watch.";;Téléphonie;24.900000;24,90 CHF;5
4706;https://fastcash-geneve.ch/img/p/4/7/0/5/4705-small_default.jpg;"Apple IPhone 12 Pro Max 128GB Gold Batterie 100%";;Téléphonie;449.900000;449,90 CHF;1
4701;https://fastcash-geneve.ch/img/p/4/7/0/0/4700-small_default.jpg;"Apple IPhone 14 Pro 128GB Batterie 100%";;Téléphonie;539.900000;539,90 CHF;1
4611;https://fastcash-geneve.ch/img/p/4/6/0/7/4607-small_default.jpg;"Apple Watch 10 46MM GPS Garantie Apple 1 an";;Montres;219.900000;219,90 CHF;0
4500;https://fastcash-geneve.ch/img/p/4/4/9/8/4498-small_default.jpg;"Apple IPhone 13 128GB Batterie 97%";;Téléphonie;419.900000;419,90 CHF;1
4497;https://fastcash-geneve.ch/img/p/4/4/9/4/4494-small_default.jpg;"Apple IPhone 16 128GB Produit neuf garantie 2 ans.";;Téléphonie;649.900000;649,90 CHF;0
4296;https://fastcash-geneve.ch/img/p/4/2/9/4/4294-small_default.jpg;"Apple iPhone 12 64GB Batterie 96%";;Téléphonie;249.900000;249,90 CHF;1
4145;https://fastcash-geneve.ch/img/p/4/1/4/4/4144-small_default.jpg;"Apple IPhone 11 64GB Blanc Batterie 100%";;Téléphonie;149.900000;149,90 CHF;1
4129;https://fastcash-geneve.ch/img/p/4/1/2/8/4128-small_default.jpg;"Apple AirPods Max USB-C produit neuf scellé garantie.";;Accessoires;399.900000;399,90 CHF;0
4127;https://fastcash-geneve.ch/img/p/4/1/2/6/4126-small_default.jpg;"Apple AirPods Max Neuf scellé garantie 2 ans.";;Accessoires;399.900000;399,90 CHF;-1
3596;https://fastcash-geneve.ch/img/p/3/5/9/4/3594-small_default.jpg;"Apple IPhone 16 256GB Noir Batterie 100% Garantie Apple 1 an";;Téléphonie;749.900000;749,90 CHF;0
3296;https://fastcash-geneve.ch/img/p/3/2/9/4/3294-small_default.jpg;"Apple IPhone X 256GB Batterie 100%.";;Téléphonie;229.900000;229,90 CHF;1
3241;https://fastcash-geneve.ch/img/p/3/2/4/0/3240-small_default.jpg;"Apple Pencil Pro";;Informatique;109.900000;109,90 CHF;0
3239;https://fastcash-geneve.ch/img/p/3/2/3/8/3238-small_default.jpg;"Apple Magic Keyboard pour iPad 13’’ Etat neuf. Garantie Apple 2 ans.";;Informatique;249.900000;249,90 CHF;0
3218;https://fastcash-geneve.ch/img/p/3/2/1/7/3217-small_default.jpg;"Apple IPhone 11 128GB Noir, batterie 85%";;Téléphonie;339.900000;339,90 CHF;0
3216;https://fastcash-geneve.ch/img/p/3/2/1/5/3215-small_default.jpg;"Apple IPhone 11 64GB Jaune, Batterie neuve.";;Téléphonie;299.900000;299,90 CHF;-1
3214;https://fastcash-geneve.ch/img/p/3/2/1/3/3213-small_default.jpg;"Apple IPhone XR 64GB Batterie 86%";;Téléphonie;229.900000;229,90 CHF;0
3212;https://fastcash-geneve.ch/img/p/3/2/1/1/3211-small_default.jpg;"Apple IPhone XR Red Edition 64GB Batterie 86%";;Téléphonie;169.900000;169,90 CHF;0
3206;https://fastcash-geneve.ch/img/p/3/2/0/5/3205-small_default.jpg;"Apple IPhone XS Max 256GB Batterie 84%";;Téléphonie;199.900000;199,90 CHF;0
3204;https://fastcash-geneve.ch/img/p/3/2/0/3/3203-small_default.jpg;"Apple iPhone XR 64GB Noir, batterie neuve.";;Téléphonie;229.900000;229,90 CHF;0
3202;https://fastcash-geneve.ch/img/p/3/2/0/1/3201-small_default.jpg;"Apple IPhone 11 64GB Noir, batterie neuve.";;Téléphonie;249.900000;249,90 CHF;0
2901;https://fastcash-geneve.ch/img/p/2/9/0/0/2900-small_default.jpg;"Apple Magic Keyboard Folio pour iPad 10TH, produit neuf.";;Informatique;199.900000;199,90 CHF;0
2561;https://fastcash-geneve.ch/img/p/2/5/6/0/2560-small_default.jpg;"Apple AirPods Max Noir, neuf, scellé.";;Accessoires;369.900000;369,90 CHF;2
2493;https://fastcash-geneve.ch/img/p/2/4/9/2/2492-small_default.jpg;"Apple AirPods Pro 2 USB-C Etat neuf, garantie Apple 12.25";;Image&Son;159.900000;159,90 CHF;0
2249;https://fastcash-geneve.ch/img/p/2/2/4/8/2248-small_default.jpg;"Chargeur usb pour Apple Watch.";;"Montres connectées";13.900000;13,90 CHF;10
1813;https://fastcash-geneve.ch/img/p/1/8/1/2/1812-small_default.jpg;"Apple AirPods Max, neuf, scellé, garantie 2 ans.";;Image&Son;419.900000;419,90 CHF;0
1149;https://fastcash-geneve.ch/img/p/1/1/4/8/1148-small_default.jpg;"Apple Watch Ultra 2, état neuf";;Montres;399.900000;399,90 CHF;1
